"Aldi, Trader Joe's"
"Amazon"
"automobiles"
"banking, tobacco"
"batteries"
"batteries, automobiles"
"Berkshire Hathaway"
"beverages, pharmaceuticals"
"Bloomberg LP"
"BMW"
"BMW, pharmaceuticals"
"candy, pet food"
"casinos"
"Chanel"
"coal, fertilizers"
"cryptocurrency"
"Dell computers"
"discount brokerage"
"diversified"
"e-commerce"
"Estee Lauder"
"eyeglasses"
"Facebook"
"fashion retail"
"fintech"
"gas, chemicals"
"Google"
"H&M"
"hedge funds"
"home appliances"
"hospitals"
"infrastructure, commodities"
"internet media"
"internet, telecom"
"investments"
"Koch Industries"
"L'Or√©al"
"luxury goods"
"LVMH"
"media"
"medical devices"
"metals"
"Microsoft"
"mining"
"money management"
"music, chemicals"
"newspapers, TV network"
"Nike"
"Nutella, chocolates"
"oil"
"oil, gas"
"online games"
"package delivery"
"petrochemicals"
"pharmaceuticals"
"pig breeding"
"Quicken Loans"
"real estate"
"Red Bull"
"retail"
"retail, investments"
"semiconductors"
"sensors"
"shipping"
"software"
"software services"
"soy sauce"
"steel"
"steel, investments"
"steel, transport"
"supermarkets"
"telecom"
"Tesla, SpaceX"
"TikTok"
"Walmart"
"Zara"
