"'A widowed father needs to pay a dept, his two young boys depend on him. The eldest begins to understand and the father is running out of choices...'"
"""Dragons"" explores the history of conflict between the scions of the Shimada clan: Hanzo and Genji. We follow Hanzo as he returns to the siblings' family home in Hanamura to seek redemption . . . and confront the ghosts of the past."
"10 year old Max and his best friend Sharkdog - half shark, half dog, all appetite. Blissfully unaware of his own strength, stealth and general sharkiness, Sharkdog often leaves a trail of chaos in his wake."
"11-year-old Joanna tries to understand grief for the first time when she witnesses her mother's manic reaction to the death of Princess Diana, whilst trying to use the incident to get out of Sunday School."
"18 budding fashion designers compete for a $250,000 prize and the opportunity to launch a clothing line with Net-a-Porter."
"A 15 year-old girl living in Vatican City, disappeared under mysterious circumstances that are believed to have involved the Vatican."
"A 2D Animated continuation of Teen Titans (2003) takes place five years after the Season Five Finale."
"A band of vikings are on the run from a blood thirsty group of Berserkers who want to fight to the death."
"A basketball scout discovers a phenomenal street ball player while in Spain and sees the prospect as his opportunity to get back into the NBA."
"A big-city dentist opens up a practice in a close-knit seaside village, home to a charming jack-of-all-trades who is her polar opposite in every way."
"A boy who is half human and half deer survives in a post-apocalyptic world with other hybrids."
"A C.I.A. operative on the edge of retirement discovers a family secret and is called back into the field for one last job."
"A camera crew follows Niels, a commanding trainer, as he helps his older brother Johnny, a quiet bodybuilder, prepare for the upcoming bodybuilding championship. However, it becomes clear, Johnny has a completely different dream i..."
"A cheerleading stunt gone wrong landed her in a 20-year coma. Now she's 37, newly awake and ready to live out her high school dream: becoming prom queen."
"A chronicled look at the criminal exploits of Colombian drug lord Pablo Escobar, as well as the many other drug kingpins who plagued the country through the years."
"A coming of age, romantic comedy revolving around ex-lovers who broke up with a promise never to meet again. But the documentary they filmed ten years ago gets the fame and they are by compulsion facing camera once more."
"A Congressman works with his equally conniving wife to exact revenge on the people who betrayed him."
"A conspiracy thriller that follows the journey of Bob Lee Swagger, a highly-decorated veteran who is coerced back into action to prevent a plot to kill the President."
"A couple from Istanbul, settling in a village in the Aegean region to start a new and peaceful life. However, they will quickly realize that they have many enemies in this village."
"A covert team of immortal mercenaries is suddenly exposed and must now fight to keep their identity a secret just as an unexpected new member is discovered."
"A dancing competition with a monster twist that has never been seen before, giving a colorful global stage to people passionate about dance. Competitors transform into lovable and fantastical dance monsters in front of a panel of ..."
"A dangerously charming, intensely obsessive young man goes to extreme measures to insert himself into the lives of those he is transfixed by."
"A demoted police officer assigned to a call dispatch desk is conflicted when he receives an emergency phone call from a kidnapped woman."
"A devastated husband vows to bring justice to the people responsible for his wife's death while protecting the only family he has left: his daughter."
"A disgraced, dissatisfied civil lawyer-turned-beauty pageant coach takes on a vengeful, bullied teenager as his client and has no idea what he's about to unleash upon the world."
"A documentary on why and how ""Money Heist"" sparked a wave of enthusiasm around the world for a lovable group of thieves and their professor."
"A family is forced to face their past secrets and scars when the black sheep returns home."
"A family of former child heroes, now grown apart, must reunite to continue to protect the world."
"A family saga with a supernatural twist, set in a German town where the disappearance of two young children exposes the relationships among four families."
"A famous tailor begins to sew a wedding dress for his best friend's fiance- but all three have dark secrets that will soon upend their lives."
"A father brings up his baby girl as a single dad after the unexpected death of his wife who died a day after their daughter's birth."
"A father's wish magically brings a wooden boy to life in Italy, giving him a chance to care for the child."
"A financial advisor drags his family from Chicago to the Missouri Ozarks, where he must launder money to appease a drug boss."
"A flight attendant and her business partner on a mission to steal diamonds and free themselves from the clutches of a loan shark.At 40,000 feet in the air, the heist goes horribly wrong and turns into a hostage situation."
"A former detective now living on the streets searches for the truth after a new death raises unnerving doubts about a supposedly settled murder case."
"A fresh look at Hartley High over 20 years on. With her new friends - outsiders Quinni and Darren - Amerie must repair her reputation, while navigating love, sex, and heartbreak."
"A genius strategist and people with different personalities and abilities fighting an extraordinary variable and engaging in an unprecedented hostage play."
"A gifted writer who's the youngest editor-in-chief ever at his publishing company gets enmeshed in the life of a former copywriter desperate for a job."
"A gigolo's life begins to unravel when he becomes involved in a client's family affairs and violates the fundamental rule of his job: don't fall in love."
"A group of courtesans attempts to escape the grasp of a notorious kingpin- but political corruption and blood ties make freedom a near - impossible goal."
"A group of friends may or may not have unleashed a deadly curse, starting a new adventure."
"A group of young adults attend a party on a remote island, but the tempting paradise they find waiting for them holds dangerous secrets and entrapments."
"A hard-working, blue-collar dad just wants to provide a good life for his quick-witted 10-year-old daughter. His mundane San Fernando Valley pool cleaning job is a front for his real source of income: hunting and killing vampires."
"A high school becomes ground zero for a zombie virus outbreak. Trapped students must fight their way out or turn into one of the rabid infected."
"A high school student is forced to confront her secret crush at a kissing booth."
"A historical presentation of the gang movements and organized crime from the end of the 19th century to the beginning of the 20th century in England."
"A jaded assassin assigned to target a yakuza clan has 24 hours to find out who poisoned her and get vengeance before she dies."
"A journalist with a lot to prove investigates the case of Anna Delvey, the Instagram-legendary German heiress who stole the hearts of New York's social scene - and stole their money as well."
"A journalist's life takes a 360 because of the very system that made her who she is. Will she fight or will she concede?"
"A journalist’s life devolves into chaos when she shields her brother from the law, inadvertently entangling her family in a drug lord's merciless scheme."
"A lawyer turned private investigator takes on a missing person case, propelling him on an unexpected and life-altering quest."
"A legendary delivery driver ""5-8"" with exceptional battle skills And a refugee ""Sawol"" who dreams of following in his footsteps."
"A lethargic, empathetic road movie about finding one's parents - for everyone who just wants to laze about. Having resigned itself to the fact that it will just end up on someone's plate, Gudetama just wants to be lazy all the time."
"A live-action adaptation of Nickelodeon's Winx Club (2004). It follows Bloom as she adjusts to life in the Otherworld, where she must learn to control her dangerous magical powers."
"A look at the life and ideas of Pauli Murray, a non-binary Black lawyer, activist and poet who influenced both Ruth Bader Ginsburg and Thurgood Marshall."
"A look at the life of notorious drug kingpin, El Chapo, from his early days in the 1980s working for the Guadalajara Cartel, to his rise to power during the '90s as the head of the Sinaloa Cartel and his ultimate downfall in 2016."
"A look back to the 1980's, Liverpool when the city became the epicentre of a drugs boom that was to change Britain forever."
"A low-level Cabinet member becomes President of the United States after a catastrophic attack kills everyone above him in the line of succession."
"A man sits in his shop and reads his new comic - Where exactly has it come from?"
"A man who is driven to the edge of a cliff and believes that money, a woman, and fame are all buried in the ring, And goes up to a sumo rikishi."
"A married couple moving into their dream home are threatened by terrifying letters from a stalker, signed - ""The Watcher."""
"A Mesoamerican warrior princess embarks on a quest to recruit three legendary fighters to help save the world of gods and humankind."
"A mom and dad who usually say no decide to say yes to their kids' wildest requests with a few ground rules on a whirlwind day of fun and adventure."
"A mysterious teen girl arrives at an all-boys school in 1970s Colombia, breaking stereotypes, rules - and a few hearts."
"A new love story unfolds when teen matchmaker Kitty reunites with her long-distance boyfriend at the same boarding school attended by her late mother."
"A new nurse at a hospital begins to suspect that her colleague's desire for attention might be tied to a series of patient deaths."
"A New York cop and his wife go on a European vacation to reinvigorate the spark in their marriage, but end up getting framed and on the run for the death of an elderly billionaire."
"A policeman and his doctor wife have some marriage problems and the son blames the mother. For his job, the policeman investigates a case of a missing boy. The possible kidnapping looks like some cases from a few years ago."
"A political Godfather dies and a lot of thieves dressed up as politicians took over the rule. Question arises regarding the successor of the God, unfolding few names, along with the God's most beloved angel, Lucifer."
"A prequel, set before the events of Army of the Dead, which focuses on German safecracker Ludwig Dieter leading a group of aspiring thieves on a top secret heist during the early stages of the zombie apocalypse."
"A prickly judge who despises juvenile criminals arrives at a juvenile court, where she takes on a complex role examining punishment for young offenders."
"A prisoner on death row in the US and a woman trapped in a cellar under an English vicarage, cross paths in the most unexpected way."
"A quirky, dysfunctional family's road trip is upended when they find themselves in the middle of the robot apocalypse and suddenly become humanity's unlikeliest last hope."
"A serial killer takes advantage on the media interest over his murders, manipulating their victims, police and the media, turning the murders into a spectacle mediatic."
"A series about a powerful friendship that blossoms between a tightly wound widow and a free spirit with a shocking secret."
"A series of colorized archive footage of important events during World War II."
"A series of short training videos done by Mike Ehrmantraut for Madrigal Electromotive employees."
"A sexual consent scandal amongst British privileged elite and the women caught up in its wake."
"A single mother who is a renowned hired killer finds it difficult to achieve a balance between her personal and work life."
"A small Norwegian town experiencing warm winters and violent downpours seems to be headed for Ragnarok -- unless someone intervenes in time."
"A steely special ops agent finds his morality put to the test when he infiltrates a crime syndicate and unexpectedly bonds with the boss's young son."
"A storm rages. A young girl is kidnapped. Her mother teams up with the mysterious woman next door to pursue the kidnapper, a journey that tests their limits and exposes shocking secrets from their pasts."
"A story about a former criminal profiler who now works as a fraudster posing as a fortune teller and the female detective who gets involved with him."
"A Street Kid trying to survive in a technology and body modification-obsessed city of the future. Having everything to lose, he chooses to stay alive by becoming an Edgerunner, a Mercenary outlaw also known as a Cyberpunk."
"A suburban mother of two takes a fantasy-charged trip down memory lane that sets her very married present on a collision course with her wild child past."
"A successful woman has inability to recognize faces and this interferes with her social life."
"A sudden tragedy brings the wife of an assemblyman out of her private life and forces her to confront family secrets and her own troubling past."
"A tale of two strangers who transform each other's lives, a psychological thriller, and a story of love pitted against evil."
"A talented young Reggaeton music composer from Medellín, Colombia gets wrongly imprisoned in New York City, all her music is stolen, and her family is murdered. Years later she returns to Medellín to wreak revenge on those who wro..."
"A team of rapid-fire renovators takes big risks and makes painstaking plans to transform families' homes from top to bottom in just 12 hours."
"A teenage boy with a sex therapist mother teams up with a high school classmate to set up an underground sex therapy clinic at school."
"A teenage sorceress named Nimue encounters a young Arthur on her quest to find a powerful and ancient sword."
"A teenager is charged with lying about having been raped, but two detectives follow the path to the truth."
"A tragic accident leaves an ambitious prosecutor with the mind of a child, forcing him and his mother to embark on a journey to heal their relationship."
"A vast community of chimpanzees thrives in a forest in Uganda, navigating complex social politics, family dynamics and dangerous territory disputes."
"A web series by the channel ""Blind Wave"", who discuss and react to the show ""The Umbrella Academy"""
"A widowed single mom discovers that her son has super powers and tries to figure out how to raise him safely and responsibly."
"A woman in New York, who seems to have things under control, is faced with a trauma that makes her life unravel."
"A woman lives for absolute revenge against her childhood bullies who destroyed her life."
"A woman rents her womb to a powerful family of Mexican businessmen to save her father's life. After her delivery, she wakes up in a hospital where she is given a baby who was born with a physical disability. Years later, her life ..."
"A woman running her family's noodle restaurant receives an invitation to join the fine-dining industry under the tutelage of an infamous chef."
"A woman with a mysterious illness is forced into action when a group of terrorists attempt to hijack a transatlantic overnight flight."
"A woman's life is turned upside-down when a dangerous man gets hold of her lost cell phone and uses it to track her every move."
"A woman's meticulously-crafted life of privilege unravels when two strangers show up in her quaint suburban town."
"A young American woman from the Midwest is hired by a marketing firm in Paris to provide them with an American perspective on things."
"A young boy who ends up in the U.S. after the 1871 Shinmiyangyo incident returns to Korea at a historical turning point and falls for a noblewoman."
"A young German soldier's terrifying experiences and distress on the western front during World War I."
"A young girl discovers a secret map to the dreamworld of Slumberland, and with the help of an eccentric outlaw, she traverses dreams and flees nightmares, with the hope that she will be able to see her late father again."
"A young man is magically turned a merman, and discovers his underwater origins, after he comes in contact with the magic waters at the mysterious Mako Island guarded by a trio of mermaids."
"A young woman tries to say goodbye to her dying friend who wishes to be left alone."
"A youth center leader from the suburbs of Paris becomes a candidate in the presidential election. But is France truly ready for a Black president?"
"Action"
"Action, Adventure, Comedy"
"Action, Adventure, Crime"
"Action, Adventure, Drama"
"Action, Adventure, Fantasy"
"Action, Adventure, Sci-Fi"
"Action, Comedy"
"Action, Comedy, Crime"
"Action, Comedy, Drama"
"Action, Comedy, Fantasy"
"Action, Comedy, Thriller"
"Action, Crime, Drama"
"Action, Crime, Sci-Fi"
"Action, Crime, Thriller"
"Action, Drama"
"Action, Drama, Fantasy"
"Action, Drama, History"
"Action, Drama, Horror"
"Action, Drama, Mystery"
"Action, Drama, Romance"
"Action, Drama, Sci-Fi"
"Action, Drama, Thriller"
"Action, Drama, War"
"Action, Drama, Western"
"Action, Fantasy, Horror"
"Action, Horror, Sci-Fi"
"Action, Mystery, Thriller"
"Action, Sport"
"Action, Thriller"
"Adam Lawrence was trained and groomed by MI6; his career seems set. When the past catches up with him in the form of Kara, a Russian spy with whom he shares a complicated past, he is forced to question everything and everyone in h..."
"Adult, Crime"
"Adventure, Biography, Drama"
"Adventure, Comedy, Drama"
"Adventure, Comedy, Family"
"Adventure, Comedy, Romance"
"Adventure, Drama, Family"
"Adventure, Drama, Fantasy"
"Adventure, Drama, History"
"Adventure, Drama, Thriller"
"Adventure, Game-Show, Mystery"
"Adventure, Game-Show, Reality-TV"
"After a brutal virus wipes out most of the population, two young siblings embark on a perilous search for safety."
"After a devastating fire in 1897 Paris, three women find their lives upended by betrayal, deception and romantic turmoil. Inspired by real events."
"After a high-profile firing, Jenna's fashion career comeback hits a snag when she falls for a charming, much younger coworker - who happens to be her boss's son. As sparks fly, Jenna must decide if she'll risk it all on a secret r..."
"After a teacher tragically dies, his friend, who happens to be a former cop, takes over his old job in hopes of catching the people responsible for his murder."
"After a tragic miscarriage, Lola and her husband Adolfo adopt Tin and Tina, a lovely brother and sister with an ultra-catholic education that makes them interpret Holy Bible verbatim."
"After accidentally crash-landing in 2022, time-traveling fighter pilot Adam Reed teams up with his 12-year-old self for a mission to save the future."
"After an au pair’s tragic death, Henry hires a young American nanny to care for his orphaned niece and nephew who reside at Bly Manor with the chef Owen, groundskeeper Jamie and housekeeper, Mrs. Grose."
"After an experimental gene therapy turns them into monsters, three twenty-somethings band together to hunt down the scientist responsible and force him to make them human again."
"After Christopher Robin abandons them for college, Pooh and Piglet embark on a bloody rampage as they search for a new source of food."
"After crash-landing on an alien planet, the Robinson family fight against all odds to survive and escape, but they're surrounded by hidden dangers."
"After failing to find success on Broadway, April returns to her hometown and reluctantly is recruited to train a misfit group of young dancers for a big competition."
"After fleeing an abusive relationship, a young mother finds a job cleaning houses as she fights to provide for her child and build them a better future."
"After her mother disappears, Clary must venture into the dark world of demon hunting, and embrace her new role among the Shadowhunters."
"After her mother goes missing, a young woman tries to find her from home, using tools available to her online."
"After his grandfather's death, a man travels with his wife and kids to his hometown, where chaos ensues with his relatives over the inheritance."
"After his teenage daughter goes missing, a widowed surgeon begins uncovering dark secrets of the people closest to him."
"After moving his family into his childhood home, a man's investigation into a local factory accident connected to his father unveils dark family secrets."
"After old enemies kill his family, a former mafia enforcer and his feisty daughter flee to Milan, where they hide out while plotting their revenge."
"After SpongeBob's beloved pet snail Gary is snail-napped, he and Patrick embark on an epic adventure to The Lost City of Atlantic City to bring Gary home."
"After the death of Charras, Lino and Julia took over and form the new narcotic unit. Determined to find the murderers of his brother and his mentor, Lino continues his hunt and won't let anyone get in his way."
"After the death of their father, two half-brothers find themselves on opposite sides of an escalating conflict with tragic consequences."
"After the fall of the Berlin Wall, a former spy killer is set free and embarks on a revenge spree against the people who conspired to betray her."
"After the loss of their parents in a mysterious fire, the three Baudelaire children face trials and tribulations attempting to uncover dark family secrets."
"After the murder of his parents when he was a little kid, Mexican Miguel Garza is sent away to Japan. 20 years later, he has to go back to his home country as the new heir of his family's cartel."
"After their father is murdered under mysterious circumstances, the three Locke siblings and their mother move into their ancestral home, Keyhouse, which they discover is full of magical keys that may be connected to their father's..."
"After waking up in a morgue, an orphaned teen discovers she now possesses superpowers as the chosen Halo Bearer for a secret sect of demon-hunting nuns."
"Amid a tense inheritance fight, a charming heir clashes with his hardworking employee who's known for her irresistible smile, which he cannot stand."
"An accomplished fixer for a powerful business conglomerate jumps into politics to make a headstrong civil rights lawyer the next mayor of Seoul."
"An agoraphobe asks the Universe for the power to overcome her anxiety. The Universe goes above and beyond."
"An American journalist who spent 13 months in France 1940-41 managed to arrange safe passage to the US for over 2,000 refugees; who were in danger of losing their lives."
"An American SPEC OPS infiltrates one of Mexico's toughest prisons in search of information on the whereabouts of an American politician's daughter."
"An artist finds romance with a chef in Italy and embarks on a life-changing journey of love, loss, resilience and hope across cultures and continents."
"An astronaut's return after a 30-year disappearance rekindles a lost love and sparks interest from a corporation determined to learn why he hasn't aged."
"An estranged brother and sister reunite at their father's funeral and make a spur of the moment decision to fulfill their childhood dream of driving across Mexico on their old motorbikes."
"An ex-con opens a street bar in Itaewon, while also seeking revenge on the family who was responsible for his father's death."
"An iconoclastic idealist runs his law practice out of the back of his Lincoln Town Car in this series based on Michael Connelly's bestselling novels."
"An illustration of Frank Sheeran's life, from W.W.II veteran to hit-man for the Bufalino crime family and his alleged assassination of his close friend Jimmy Hoffa."
"An infamous caregiver is implicated in the deaths of hundreds of hospital patients."
"An interactive simulation is created where Boss Baby has to fight several villains hungry for revenge. The choices made in the simulation will determine the viewer's career path within Baby Corp."
"An Interpol agent successfully tracks down the world's most wanted art thief with help from a rival thief. But nothing is as it seems as a series of double-crosses ensues."
"An ordinary boy finds a magic amulet that chooses him to be a Trollhunter, a guardian that defends the world of humans and the secret world of trolls."
"An ordinary girl is admitted to the most prestigious school in the country where she encounters F4, an exclusive group comprised of the four wealthiest and handsomest boys in the school - Dao Ming Si, Hua Ze Lei, Xi Men and Mei Zuo."
"An ordinary man who comes across surprising circumstances that place him in the center of a huge corruption scandal."
"An underground world is inhabited by mythical creatures evolved from a deep lineage of Brazilian folklore. One detective who finds himself caught in a murder investigation that puts him in the middle of a battle between these two ..."
"An unusual group of robbers attempt to carry out the most perfect robbery in Spanish history - stealing 2.4 billion euros from the Royal Mint of Spain."
"Ana meets her sister Valeria every morning at the train station hoping to get closure on unresolved feelings."
"Animation"
"Animation, Action, Adventure"
"Animation, Action, Adventure, Comedy, Family, Fantasy, Sci-Fi"
"Animation, Action, Drama"
"Animation, Adventure, Comedy"
"Animation, Adventure, Fantasy"
"Animation, Comedy, Family"
"Animation, Drama, Family"
"Animation, Drama, Horror"
"Animation, Family"
"Animation, Family, Fantasy"
"Animation, Short"
"Animation, Short, Action"
"Animation, Short, Adventure"
"Animation, Short, Comedy"
"Animation, Short, Sci-Fi"
"Anna Nicole Smith, featuring never before seen footage of the iconic Playboy and Guess jeans model, who blazed a trail through the 90s before her tragic death at the age of 39."
"Antoine, a failed musician, lives with his sick old father, Gabriel, a loudmouth Elvis fan. Gabriel blames Antoine for his failures and his professional precariousness. When Gabriel's health worsens, Antoine decides to participate..."
"As a medical team tries to understand 10-year-old Maya Kowalski's rare illness, they begin to question her parents. Suddenly, Maya is in state custody - despite a family desperate to bring their daughter home."
"As Alfred the Great defends his kingdom from Norse invaders, Uhtred--born a Saxon but raised by Vikings--seeks to claim his ancestral birthright."
"As her 16th birthday nears, Sabrina Spellman must reconcile her dual nature as a half-witch, half-mortal while fighting the evil forces that threaten her, her family, and the daylight world humans inhabit."
"Ban Ji-eun can remember all her past lives. When her previous life is cut short by a tragic accident, she sets out to reunite with a man named Moon Seo-ha whom she met in her 18th life."
"Baseball pitcher Kim Je-hyeok becomes a convict overnight after being sent to prison for defending his sister from a sexual assault, days before he was due to fly to the US to join the Boston Red Sox."
"Based on the book series of the same name focusing on a group of young girls who start their own babysitting service."
"Based on the show Camp Cretaceous, Hidden Adventure is an interactive special series where the campers survive more danger put against them on Isla Nublar."
"Based on the true story of a father and son who repair their fractured relationship during a forced hike of the Appalachian trail to find their beloved lost dog."
"Based on true events that unfolded in 1975. The chronicles incidents that took place under the leadership of Mrs Indira Gandhi, one of the most Powerful Women in Indian History."
"Before Saul Goodman, criminal lawyer, or Jimmy McGill, a lawyer you can trust, there was Slippin' Jimmy. He's a sly young slickster trying to make it through Catholic school without landing himself and his best pal Marco in detent..."
"Best friends Sophie and Agatha find themselves on opposing sides of an epic battle when they're swept away into an enchanted school where aspiring heroes and villains are trained to protect the balance between Good and Evil."
"Betrothed against her will to King George, young Charlotte arrives in London on her wedding day and faces scrutiny from the monarch's cunning mother."
"Big-hearted and expressionless Brown is always there for friends. They all love to hang out in the cozy coffee shop Brown works in."
"Biography"
"Biography, Crime, Drama"
"Biography, Drama, Family"
"Biography, Drama, History"
"Biography, Drama, Music"
"Biography, Drama, Sport"
"Blamed by some, hailed as heroes by others, those involved with Fukushima Daiichi face a deadly, invisible threat an unprecedented nuclear disaster."
"Brilliant but disgraced detective John Luther breaks out of prison to hunt down a sadistic serial killer who is terrorising London."
"Camila creates a sexy profile on the online dating app Spice looking for the man of her dreams. But her dreams quickly turn into nightmares, and Camila ends up falling into a web of sex, lies, and deception."
"Cast members from all ""Harry Potter"" films reunite in a retrospective special to celebrate the anniversary of the first film, including interviews and cast conversations."
"Cast members open up about the show"
"Centered around the largest heist ever attempted, the vengeance and betrayals that surround it."
"Centers on Ingrid Yun, an idealistic young lawyer, struggles with her moral compass and her passions as she fights to climb the partner track at an elite New York City law firm."
"Charting the rise of the 1990s Chicago Bulls, led by Michael Jordan, one of the most notable dynasties in sports history."
"Chihiro works at a small beachside bento shop, Nokonoko Bento, and becomes a popular figure in the city."
"Christmas Eve takes a twisty turn when the Boss Baby accidentally swaps places with one of Santa's elves and gets stranded at the North Pole."
"Comedian Chris Rock performs a live stand-up special in Baltimore, Maryland."
"Comedy"
"Comedy, Crime, Drama"
"Comedy, Crime, Family"
"Comedy, Crime, Fantasy"
"Comedy, Drama"
"Comedy, Drama, Family"
"Comedy, Drama, Fantasy"
"Comedy, Drama, Horror"
"Comedy, Drama, Mystery"
"Comedy, Drama, Romance"
"Comedy, Drama, Sport"
"Comedy, Drama, Thriller"
"Comedy, Family"
"Comedy, Family, Fantasy"
"Comedy, Family, Musical"
"Comedy, Fantasy, Horror"
"Comedy, Horror"
"Comedy, Romance"
"Comedy, Sport"
"Conor McGregor's brutal strikes and trash-talking swagger made him the UFC's biggest draw. This rousing docuseries follows his dynamic career."
"Continuing his ""legendary adventures of awesomeness"", Po must face two hugely epic, but different threats: one supernatural and the other a little closer to home."
"Convicted of a decade old crime of transporting drug money to an ex-girlfriend, normally law-abiding Piper Chapman is sentenced to a year and a half behind bars to face the reality of how life-changing prison can really be."
"Coral, Wendy and Gina go on the run in search of freedom while being chased by Romeo, their pimp from Las Novias Club and his henchmen, Moises and Christian."
"Couples who prove their compatibility gain the power to make or break other matches in this strategic and seductive dating competition."
"Crime, Drama"
"Crime, Drama, Fantasy"
"Crime, Drama, Horror"
"Crime, Drama, Mystery"
"Crime, Drama, Romance"
"Crime, Drama, Thriller"
"Crime, Thriller"
"Dark forces conspire against orphan mapmaker Alina Starkov when she unleashes an extraordinary power that could change the fate of her war-torn world."
"Deep in the Dovre mountain, something gigantic wakes up after a thousand years in captivity. The creature destroys everything in its path and quickly approaches Oslo."
"Detective Harry Ambrose investigates various atrocious murder cases and tries to analyze the reasons behind ordinary people committing heinous crimes."
"Determined teen Din is longing to reconnect with his childhood best friend when he meets a wish-granting dragon who shows him the magic of possibilities."
"Diakité and Monge are police officers who are complete opposites, and get paired together to uncover an unexpectedly big criminal case."
"Discovering his ties to a secret ancient order, a young man living in modern Istanbul embarks on a quest to save the city from an immortal enemy."
"Documentary"
"Documentary on the journey of eight teams taking part in the world's most challenging Tour de France bike race."
"Documentary series takes an inside look at the British royal family."
"Documentary, Biography"
"Documentary, Biography, History"
"Documentary, Crime"
"Documentary, Crime, History"
"Documentary, Drama, History"
"Documentary, Family"
"Documentary, History, Sci-Fi"
"Documentary, History, War"
"Documentary, Short"
"Documentary, Sport"
"Drama"
"Drama, Family"
"Drama, Family, Sport"
"Drama, Fantasy, Horror"
"Drama, History"
"Drama, History, Romance"
"Drama, History, Thriller"
"Drama, History, War"
"Drama, Horror, Mystery"
"Drama, Music"
"Drama, Music, Romance"
"Drama, Mystery"
"Drama, Mystery, Romance"
"Drama, Mystery, Sci-Fi"
"Drama, Mystery, Thriller"
"Drama, Romance"
"Drama, Romance, Sci-Fi"
"Drama, Romance, Thriller"
"Drama, Sci-Fi"
"Drama, Sci-Fi, Thriller"
"Drama, Sport"
"Drama, Thriller"
"Drama, War"
"Dramatizes a contemporary American family's attempts to deal with the mundane conflicts of everyday life while grappling with the universal mysteries of love, death, and the possibility of happiness in an uncertain world."
"Drea and Eleanor agree to go after one another's bullies."
"Driven by a personal tragedy, a pianist-turned-lawyer navigates the complex world of divorce - fighting for his clients to win by any means necessary."
"Due to her 164 I.Q., impressive memory and creative thought process, autistic 27-year-old lawyer Woo Young Woo graduated at the top of her class from a prestigious law school."
"During a visit to his motherland, a Korean-Italian Mafia lawyer gives an unrivaled conglomerate a taste of its own medicine with a side of justice."
"During the Cavalcade of the Magi parade, the Martín family's daughter Amaya disappears. Journalist Miren takes on the case, determined to find her."
"Elliott, a young fisherman with an extraordinary voice, gets the chance of a lifetime when high-profile music manager Suzanne discovers him at a party."
"Encaged in a gold-clad life of secrets and lies, two women in a conglomerate family seek to topple all that stands in their way of finding true joy."
"Escaping from poverty to become a witcher, Vesemir slays monsters for coin and glory, but when a new menace rises, he must face the demons of his past."
"Every 1000 years, the Gods' Council assemble to decide the fate of humanity. After 7 million years of human history, the gods come to the decision that humans are irredeemable and must be extinct."
"Expert bakers elevate desserts with next-level ideas and epic execution. Now the battle is on to win over clients in need of very special sweets."
"Explores and unravels the mystery of how and why animals migrate, showing some of the most dramatic and compelling stories in the natural world through spectacular and innovative cinematography."
"Exposed as an ex-Russian spy, an American single mom must juggle family life and unique shape-shifting skills in a battle against an insidious enemy."
"Falling coconuts are putting a damper on Chip and Potato's pugtastic vacation; with the help of a friendly tamarin and a new friend, they hatch a plan to get a puggy good sleep."
"Family"
"Family, Fantasy"
"Features the cast of Hospital Playlist going on a two-days-and-one-night camping trip together. (Soompi)"
"Fiercely talented Mia receives a scholarship to a prestigious dance academy, where she soon clashes with the owner's fashionable and popular daughter."
"Finding a ghost named Ernest haunting their new home turns Kevin's family into overnight social media sensations. But when Kevin and Ernest investigate the mystery of Ernest's past, they become a target of the CIA."
"First hand accounts of mass shootings occurring in everyday settings ranging from office buildings to movie theaters but most tragic of all: schools."
"Five women with the same birthmark set out to unravel the truth about their pasts and discover a tragic web of lies spun by a powerful politician."
"Five years after an ominous unseen presence drives most of society to suicide, a mother and her two children make a desperate bid to reach safety."
"Flashing between past and present, a fractured family confronts haunting memories of their old home and the terrifying events that drove them from it."
"Flesh monsters. Ice-skating. Fight training. Venture behind the scenes of ""The Witcher"" with this inside look at Season 3's story-lines, stunts and stars."
"Follow couples of women and non-binary people over eight weeks, as they find themselves at a critical point in their relationship, one, ready for marriage and the other one not."
"Follow Hansel and Gretel as they walk out of their own story into a winding and wickedly witty tale full of strange -and scary- surprises."
"Follow Po, who partners up with a no-nonsense English knight named Wandering Blade, to find a collection of four powerful weapons before a mysterious pair of weasels do, and save the world from destruction."
"Follow the adventures of baby lions, elephants, penguins, pangolins and more as they learn to navigate the highs lows of life in the wild."
"Follow the misadventures of the impulsive Cuphead and his cautious but persuadable brother Mugman in this animated series based on the hit video game."
"Follow the rise of the most famous adult entertainment platform and the recent backlash it has received."
"Follow the story of a 30-year-old woman who, when feeling dissatisfied with her marriage and family life, finds herself sent back in time 10 years following a lunar eclipse."
"Follow-up series to 'Vikings' set 100 years later and focusing on the adventures of Leif Erikson, Freydis, Harald Hardrada, and the Norman King William the Conqueror."
"Following a zombie outbreak in Las Vegas, a group of mercenaries take the ultimate gamble, venturing into the quarantine zone to pull off the greatest heist ever attempted."
"Following the sudden death of a prostitute, Greyson discovers that he has developed a lethal neurological virus that prevents him from visually connecting with others...until he meets a blind boy named Pat."
"Follows a Jewish Ultra-Orthodox family in Belgium's Antwerp Diamond Square Mile."
"Follows a lawyer at the CIA who gets entangled in dangerous international power politics when a former asset threatens to expose the nature of her long-term relationship with the agency."
"Follows a new couple and their families, who find themselves examining modern love and family dynamics amidst clashing cultures, societal expectations and generational differences."
"Follows a street dance competition designed to find the next superstar choreographer. The contestants must create a choreograph and then perform it using 100 of the world's best dancers."
"Follows behind the scenes of what it takes to compete and win at the highest levels in men's professional golf, following the PGA players through their wins and losses."
"Follows different aspects of the natural world, from an expansive look into the origin of the Universe, to life on planet Earth and how its oceans function. Narrated by Morgan Freeman"
"Follows eleven chefs who will cook and cohabit with one another as they compete to become the ultimate chef's chef and win $100,000."
"Follows Liv who, when she has a major health crisis, is forced to rethink her 'live fast die young' attitude."
"Follows men's and women's pro tennis players throughout four Grand Slam tournaments."
"Follows Native American sibling trio Kodiak, Summer and Eddy Skycedar, who have a shared secret-they're ""Spirit Rangers!"""
"Follows Red and Yellow as they have a crash education in parenting when they take in a newborn caterpillar."
"Follows Sam Snow and Kit Casey, two brilliant agents, as they solve mysteries that mix real zoological facts with wild detective action."
"Follows some moms from the Teen Mom franchise come together for a family reunion to connect with one another and celebrate their unique bonds."
"Follows teenager Clay Jensen, in his quest to uncover the story behind his classmate and crush, Hannah, and her decision to end her life."
"Follows the life of Arnold Schwarzenegger, from his days of lifting weights to his successes in Hollywood, his time serving as governor of California, and both the joys and volatility of his family life."
"Follows the life of Mexican music icon Vicente Fernandez."
"Follows the life of pop culture icon Pamela Anderson, including never-before-seen archival footage and personal journals."
"Follows the lives of suburban families whose secrets and lies are made public by the appearance of a stranger."
"Follows the political rivalries and romance of Queen Elizabeth II's reign and the events that shaped the second half of the 20th century."
"Follows the tragedy in which terrorists detonated a bomb at the Boston Marathon's finish line; they carried out the attack by placing two homemade pressure-cooker bombs that resulted in three fatalities and numerous injuries."
"Follows two children as they discover that their father is the toughest bounty hunter in all the galaxy when they accidentally hitch a ride into space."
"Follows two of America's wealthiest families as they feud for control over their fortune and their children."
"Follows Wednesday Addams' years as a student, when she attempts to master her emerging psychic ability, thwart a killing spree, and solve the mystery that embroiled her parents."
"For an attorney who despises losing to men and an A-list actor who distrusts women, love means nothing - until they're forced to date each other."
"For employees of the Deep State, conspiracies aren't just theories, they're fact. And keeping them a secret is a full-time job."
"Forbidden from practicing law, a woman prepares an appeal to overturn the court's decision in this true story of Lidia Poët, Italy's first female lawyer."
"Four best friends chase their dreams alongside the fashion elite while juggling demanding jobs, romantic dilemmas, and wild nights on the town."
"Four friends whose lives changed forever with the arrival of a ton of cocaine."
"Four men and women working at the same bank get entangled in a complicated romance as they discover how far they're willing to go for love."
"France, 1914. The destinies of four women intersect: Marguerite, a mysterious Parisian prostitute; Caroline, propelled to the head of the family factory; Agnes, Mother Superior of a requisitioned convent; and Suzanne, a feminist n..."
"From 1987 to 2003, Michel Fourniret cemented his legacy as France’s most infamous murderer. But his wife was an enigma: Was she a pawn or a participant?"
"From the mind of horror manga maestro Junji Ito comes a spine-tingling selection of some of his most bizarre, disturbing and terrifying tales."
"From war-torn Syria to the 2016 Rio Olympics, two young sisters embark on a harrowing journey as refugees, putting both their hearts and champion swimming skills to heroic use."
"Fugitive Jesse Pinkman runs from his captors, the law, and his past."
"Full-time detectives Nick and Audrey are struggling to get their private eye agency off the ground. They find themselves at the center of international abduction when their friend Maharaja is kidnapped at his own lavish wedding."
"Game-Show, Reality-TV"
"Game-Show, Reality-TV, Romance"
"Georgina is a teacher determined to make a difference in the lives of the children she educates in the classroom of a wagon school in rural Mexico."
"Geralt of Rivia, a solitary monster hunter, struggles to find his place in a world where people often prove more wicked than beasts."
"Ginny Miller, an angsty fifteen-year-old, often feels more mature than her thirty-year-old mother, the irresistible and dynamic Georgia Miller."
"Ginny, a grim reaper, embarks on her first holiday in one hundred years only to be haunted by the ghosts of her past."
"Go behind the scenes of the series Sex Education (2019)."
"Gripping historical footage and expert commentary give detailed insights into the leading figures and decisive turning points of WWII."
"Hand drawn animation about people's fear of communication."
"Hiding a mysterious past, a mother lives like a nameless fugitive with her daughter as they make hotels their home and see everyone else as a threat."
"History"
"Horror"
"Horror, Mystery, Sci-Fi"
"Horror, Mystery, Thriller"
"Horror, Thriller"
"Hospital Playlist tells the story of five doctors who have been friends since they entered medical school in 1999."
"Hundreds of cash-strapped players accept a strange invitation to compete in children's games. Inside, a tempting prize awaits with deadly high stakes: a survival game that has a whopping 45.6 billion-won prize at stake."
"Hundreds of years from now, surviving humans discover how to send consciousness back through time, into people of the 21st century, while attempting to change the path of humanity."
"Hyun, a loner high school student who lost his entire family in a terrible accident, is forced to leave his home and has to face a new reality where monsters are trying to wipe out all of humanity. Now he must fight against all od..."
"If you're going to work for Gus Fring, you better understand his rules first."
"In 2017, Son Oh Gong and Ma Wang are in conflict with each other and they look for a true light in a dark world where evils exists everywhere."
"In a biological research company, a son with social problems is forced to work for the company of his father, an extremely eccentric and exotic man to save him from disaster."
"In a continuation of Full House (1987), D.J. Fuller is a mother of three young boys and is a recent widow. D.J.'s sister Stephanie, her best friend Kimmy and Kimmy's teenage daughter all move in to help raise her sons. The house i..."
"In a post-apocalyptic world, six soldiers on a covert mission must transport a mysterious package across a frozen archipelago. Noomi Rapace stars."
"In a time when dreams seem out of reach, a teen fencer pursues big ambitions and meets a hardworking young man who seeks to rebuild his life."
"In a town full of secrets, a group of teenagers are stalked by a mysterious killer a year after a fatal accident on their graduation night."
"In a vengeful quest to find out who killed her husband, a woman ends up exposing her small community's deepest and ugliest secrets."
"In a world replete with greed, betrayal, sexual intrigue and rivalry, ""Marco Polo"" is based on the famed explorer's adventures in Kublai Khan's court in 13th century Mongolia."
"In a world where magic is everything, Asta, a boy who was born with no magic, aims to become the ""Wizard King"" to overcome adversity, prove his power, and keep his oath with his friends."
"In Cali during the '60s and '70s, two brothers juggle family, romance and the joint pursuit of a burning ambition: to rule Colombia's drug industry."
"In disguise as her friend, Ha-ri shows up to a blind date to scare him away. But plans go awry when he turns out to be her CEO - and makes a proposal."
"In its fourth and final season, The Good Place will put the fate of humanity in Eleanor, Chidi, Tahani, and Jason's hands with a grand experiment that pits them against the forces of evil living in the Bad Place. It all boils down..."
"In order to pay off their debt, three daring youths jump into the money-lending business while confronting the rich and powerful who prey on the weak."
"In spite of their many differences, Cassie, a struggling singer-songwriter, and Luke, a troubled Marine, agree to marry solely for military benefits, but when tragedy strikes, the line between real and pretend begins to blur."
"In the 1880s American West, murderous outlaw gang leader Frank Griffin hunts for ex-protege Roy Goode. Frank's chase leads him to La Belle, New Mexico--a town inhabited, after a mining disaster, almost entirely by women."
"In the 1970s, an undercover Indian spy takes on a deadly mission to expose a covert nuclear weapons program in the heart of Pakistan."
"In the complicated world of celebrities, Rana Naidu is the go-to problem-solver. When his father is released from prison, Rana grapples with family secrets and personal conflict and realizes that the only problem he can't fix is h..."
"In the dark, early days of a zombie apocalypse, complete strangers band together to find the strength they need to survive and get back to loved ones."
"In the extreme Alaskan wild, 16 survivalists compete for a chance to win a massive cash prize but these lone wolves must be part of a team to win."
"In the late 1970s, two FBI agents broaden the realm of criminal science by investigating the psychology behind murder and end up getting too close to real-life monsters."
"In the midst of an apocalypse, a man struggles to reach his pregnant wife, who is thousands of miles away."
"In the midst of an international crisis, Kate Wyler, a career diplomat, lands in a high-profile job for which she is not suited, with tectonic implications for her marriage and her political future."
"In the sequel to 2018's The Kissing Booth', high school senior Elle juggles a long-distance relationship with her dreamy boyfriend Noah, college applications, and a new friendship with a handsome classmate that could change everyt..."
"In the wake of King Edward's death, Uhtred of Bebbanburg and his comrades adventure across a fractured kingdom in the hopes of uniting England at last."
"In this animated musical, a girl builds a rocket ship and blasts off, hoping to meet a mythical moon goddess."
"In this reality dating series, marriage-minded singles in Japan meet, date, and get engaged before ever setting eyes on each other."
"Inspired by the adventures of Arsène Lupin, gentleman thief Assane Diop sets out to avenge his father for an injustice inflicted by a wealthy family."
"Inspired by true stories and unsolved mysteries. A test pilot's life changed after a famous space mission. What really happened? His wife, who first their 3 year old daughter before he ..."
"Irene, the lead singer of the market place band 'Los Milagrosos', meets Joaquin the mechanic, when he arrives in the city carrying nothing but the clothes he is wearing. As they fight for their dreams, they cross their paths. They..."
"It follows a hard-driving LA wine-company executive who travels to an Australian sheep station to land a major client and there she ends up working as a ranch hand and sparking with a rugged local."
"It follows Becca, a forensics expert who, when investigating a murder, realizes that the body of the victim looks exactly like her."
"It follows Louise, a single mum with a son and a part-time job in a psychiatrist's office. She begins an affair with her boss and strikes up an unlikely friendship with his wife."
"It follows singles in the US and Israel as they turn their dating life over to a top Jewish matchmaker."
"It follows the rise and fall of the American financier and ponzi schemer: Madoff."
"It follows Tinky Winky, Dipsy, Laa-Laa and Po on wonder-filled adventures as they learn and grow."
"It follows twelve players as they work together in challenges to add money to a pot that only one of them will win."
"It showcases what happened in 1993 in Waco, Texas when cult leader David Koresh faced off against the federal government in a 51-day siege."
"It tells the story of a medical graduate turned housewife but decided to return to the medical field, and a doctor husband who maintains a perfect dual life. He is great at his job and he is also great at cheating on his wife."
"It tells the story of four princesses from major fruit kingdoms: Kira Kiwi, Beatrice Blueberry, Rita Raspberry and Penelope Pineapple. They embrace their differences to help their fellow fruitizens and make their world a better pl..."
"It tells the story of James. His observations on life fuel his comedic rants at everyday inconveniences and elevates them to absurd heights."
"It's been a year since the group played ""Never Have I Ever."" After an unfortunate death, suspicions arise. Is the game REALLY over?"
"It's small. It's fluffy. It rocks a fierce pink bow. It's no ordinary kitty. It's Battle Kitty, and Kitty is using its super-strength, monster battling intuition, and amazing accessories to unlock a new battle ground."
"Join cool cat Oggy and playful elephant Piya as they head off on zany and heartwarming adventures with a trio of roaches ready to ruin all the fun."
"Join Georgina Rodríguez - mom, influencer, businesswoman and Cristiano Ronaldo's partner - in this emotional and in-depth portrait of her daily life."
"Junkers turn into jewels when they're in the hands of these pros, who bring cars from Mexico to El Paso for radical restorations in this lively series."
"Ken Goldin and his savvy team run the thrilling action, venturing inside a leading auction house specialising in rare collectibles."
"Kreese is giving up the dojo keys. Flashback to the beginning of Cobra Kai in Vietnam."
"Kyra Berry, a 14 year old USA gymnast arrives in Australia to try and win a scholarship at an elite Gymnastics Academy. It's a second chance but also her last."
"Laura and Massimo's relationship hangs in the balance as they try to overcome trust issues and jealousy while a tenacious Nacho works to push them apart."
"Leni and Gina are identical twins who have secretly swapped their lives since they were children, culminating in a double life as adults, but one of the sisters goes missing and everything in their perfectly schemed world turns in..."
"Love is as tough as it is sweet for a lovestruck teenager, whose relationship with her next-door neighbor transforms as they grow into adulthood."
"Loyalties are tested when five friends and former special forces operatives reunite to take down a South American drug lord, unleashing a chain of unintended consequences."
"Lucy, a girl with psychic abilities, joins two boys, Anthony and George, at the ghost-hunting agency Lockwood and Co. to fight the deadly spirits plaguing London, doing their best to save the day without any adult supervision."
"Made half-human and half-spirit by accident, a young man is employed by a company of grim reapers in the underworld to carry out special missions."
"Madea's back hallelujer. And she's not putting up with any nonsense as family drama erupts at her great-grandson's college graduation celebration."
"Magic is real, but it's hidden from the public, Daniel knows where to find it. He discovers a strange ingredient, he gets the attention of dangerous alchemists which takes him to an adventure, while the magical world hangs in the ..."
"March 8th, 2014, Malaysia Airlines Flight 370 disappeared from radar. 239 people went missing, a global investigation into this greatest mystery Despite reports, countless theories, and searches for evidence, nothing. What Are We ..."
"Marco Mejia, a young gender non-conforming queer person whose life seems to be stuck in place until he lands a job working for legendary makeup mogul Madolyn Addison."
"Married Alma spends a fateful weekend away from home that ignites passion, ends in tragedy, and leads her to question the truth about those close to her."
"Mehdi, a qualified robber, and Liana, an apprentice thief, get involved in a turf war between drug dealers, and have to collaborate in order to save their loved ones."
"Merve chose the bohemian life, but it didn't choose her back. Faced with eviction, she starts a new job and stumbles into a spicy setup with her boss."
"Mildred lives an ordinary life until the day that Maud Spellbody crashes her broomstick into their balcony. Maud then introduces Mildred to Cackle's Academy--a school for young witches set high on a mountaintop."
"Money holds power over us - but it doesn't have to. Finance expert Ramit Sethi works with people across the US to help them achieve their richest lives."
"More than a thousand years before the events of ""The Witcher,"" seven outcasts in an Elven world join forces in a quest against an all-powerful empire."
"Multinational immigrants traveling from the old continent to the new encounter a nightmarish riddle aboard a second ship adrift on the open sea."
"Mystery, Thriller"
"N/A"
"Nearly three decades after the discovery of the T-virus, an outbreak reveals the Umbrella Corporation's dark secrets."
"Netflix docudrama about Queen Cleopatra of Egypt of the Ptolemaic lineage from Macedonia, Greece, that ruled for 21 years, between the years 51 BC and 30 BC, ending with her suicide."
"New Orleans Saints head coach Sean Payton coaches his son's 6th-grade football team while he is being suspended for the entire 2012 season as a result of his role in the Saints' Bountygate scandal."
"No one can and no one should live without love. This bioseries traces the passionate life and career of iconic Argentinian rock star Fito Paez."
"Noodle shop employees by day and demon hunters by night, the Counters use special abilities to chase down malevolent spirits that prey on humans."
"Not Quite Narwhal follows curious and fun-loving Kelp, who has always believed he's a narwhal like the rest of his family under the sea, until the day he makes the most amazing discovery - he's actually a unicorn."
"Now a detective-for-hire, Enola Holmes takes on her first official case to find a missing girl as the sparks of a dangerous conspiracy ignite a mystery that requires the help of friends - and Sherlock himself - to unravel."
"Now it's 1995, Leia Forman is visiting her grandparents for the summer where she bonds with a new generation of Point Place, WI, kids under the watchful eye of Kitty and the stern glare of Red."
"Obsessed gamer Arisu suddenly finds himself in a strange, emptied-out version of Tokyo in which he and his friends must compete in dangerous games in order to survive."
"On an island of haves and have-nots, teen John B enlists his three best friends to hunt for a legendary treasure linked to his father's disappearance."
"On an uninhabitable 22nd-century Earth, the outcome of a civil war hinges on cloning the brain of an elite soldier to create a robot mercenary."
"On her 30th birthday out for lunch with her mother suddenly explodes into violence, an adrift young woman's perception of her mother is forever changed."
"On the eve of her college graduation, Natalie's life diverges into parallel realities: one in which she becomes pregnant and remains in her hometown to raise her child and another in which she moves to LA to pursue her dream career."
"One Army captain must use her years of tactical training and military expertise when a simultaneous coordinated attack threatens the remote missile interceptor station she is in command of."
"One epic saga goes with the backdrop of the clash of two civilizations: Islam and Christianity."
"One hundred contestants in top physical shape compete in a series of grueling challenges to claim the honor - and cash reward - as the last one standing."
"Ottoman Sultan Mehmed II wages an epic campaign to take the Byzantine capital of Constantinople and shapes the course of history for centuries."
"Out to avenge his mother's death, a college student pledges to a secret order and lands in a war between werewolves and practitioners of dark magic."
"Pedro, Luis, Raúl and Santi are four friends who feel a bit lost in the new world of empowered women, each trying to adjust in their own haphazard way."
"Put off by her gloomy demeanor, Sawako has a hard time fitting in but when an outgoing classmate approaches her, life takes a turn for the better."
"Raquel's longtime crush on her next-door neighbor turns into something more when he starts developing feelings for her, despite his family's objections."
"Reality-TV"
"Reality-TV, Romance"
"Released from prison, Ángela tries to regain the respect of her daughter, who loves lucha libre wrestling, by entering the ring as a mysterious persona."
"Retired ex national team female handball player has become a grocery store owner in order to look after her family while she grapples with her daughter's tutor's eating disorder."
"Romance is sweet and bitter - and life riddled with ups and downs - in multiple stories about people who live and work on bustling Jeju Island."
"Sam receives a call from Emily a nearly blind woman who is running from her murderous ex in the woods. She must survive the ordeal with Sam being her eyes using video call."
"Searching for answers about a beloved amulet, three friends shape-shift into cats and explore a wicked world of thrilling and not-so-chilling adventures."
"Seeking a fresh start, nurse practitioner Melinda Monroe moves from Los Angeles to a remote Northern California town and is surprised by what and who she finds."
"Sergio hasn't spoken since the day he murdered his parents. Six years later, a teen girl may be the key to revealing the whole story."
"Set in a fictional country called Daeho, it is about the love and growth of young mages as they overcome their twisted fates due to a forbidden magic spell known as the ""alchemy of souls"", which allows souls to switch bodies."
"Set in a future where consciousness is digitized and stored, a prisoner returns to life in a new body and must solve a mind-bending murder to win his freedom."
"Set in early-18th-century Madrid, the plot follows the love story between an agoraphobic cook and a widowed nobleman."
"Set in Kuwait in 1987, two women making their way in the boys club of the Kuwait Stock Exchange, on the eve of Saddam Hussein's invasion of the country."
"Set nearly a decade after the finale of the original series, this revival follows Lorelai, Rory and Emily Gilmore through four seasons of change."
"Shaman King follows the adventures of a 13-year-old shaman and his teammate a samurai warrior spirit, who traverse the world fighting evil spirits and misguided shamans on their journey to be the next Shaman King."
"Shaun is the center of adventure and excitement at Mossy Bottom Farm for a sixth series on Netflix. The series introduces four new characters to Mossingham: Stash, Rita and new rival Farmer Ben, and his Afghan hound, Lexi."
"Shirley Locke and Vera Holmes are indeed the unexpected detectives as they solve some hilarious little life mysteries. There's always a trip to the pub for a little karaoke and friendship to celebrate their successes."
"Shocking tragedies shatter a tight-knit South Carolina community and expose the horrifying secrets of its most powerful family."
"Short"
"Short, Adventure, Drama"
"Short, Comedy"
"Short, Comedy, Drama"
"Short, Drama"
"Short, Fantasy"
"Short, Fantasy, Horror"
"Short, Horror"
"Short, Music"
"Short, Mystery"
"Short, Sci-Fi"
"Short, Thriller"
"Short, War"
"Simón's wife was killed to extract her heart and transplant it to Camila, the wife of a rich man. In search of revenge, he dives into the dangerous world of organ trafficking."
"Singles who want to be loved for who they are, rather than what they look like, have signed up for a less-conventional approach to modern dating."
"Six individuals from all around the globe, each the very best at what they do, have been chosen not only for their skill, but for a unique desire to delete their pasts to change the future."
"Six teens attending an adventure camp on the opposite side of Isla Nublar must band together to survive when dinosaurs wreak havoc on the island."
"Skilled cake artists create mouthwatering replicas of everyday objects, in a mind-bending baking contest inspired by a popular meme."
"Sonic in a high-octane adventure where the fate of a strange new multiverse rests in his gloved hands."
"Spinoff of Bling Empire (2021) series. Follows a group of humorous, sophisticated and rich Asian-Americans from New York City."
"Step off the private jet and into a high-flying social circle in Dubai, where lavish parties, stunning skylines and jaw-dropping fashion are the norm."
"Storm chasers, survivors and first responders recount their harrowing experiences with volcanoes, tornadoes, hurricanes and earthquakes."
"Story about one of the most influential Serbian dynasties of the middle ages"
"Talk-Show"
"Tech billionaire Miles Bron invites his friends for a getaway on his private Greek island. When someone turns up dead, Detective Benoit Blanc is put on the case."
"Teens Charlie and Nick discover their unlikely friendship might be something more as they navigate school and young love in this coming-of-age series."
"Tells the story of an elite assassin that is targeted by murderous gangsters after sparing a girl's life during a massacre."
"Ten gorgeous singles meet in a tropical paradise. Little do they know that to win the EUR200,000 prize, they'll have to completely give up sex."
"Tensions run high between African American citizens and Caucasian cops in Jersey City when a teenage African American boy is critically injured by a cop."
"Teresa Mendoza returns to Mexico after 8 years to fight with Mexican drug dealers."
"The 2022 Revolution was the third annual Revolution professional wrestling pay-per-view (PPV) event produced by All Elite Wrestling (AEW).It stars Thunder Rosa and DR . Britt Baker in an AEW women's title cage match"
"The absolute top secret love story of a chaebol heiress who made an emergency landing in North Korea because of a paragliding accident and a North Korean special officer who falls in love with her and who is hiding and protecting ..."
"The adventures of a young orphan girl living in the early 19th century. Follow Anne as she learns to navigate her new life on Prince Edward Island, in this new take on L.M. Montgomery's classic novels."
"The adventures of JJ and his friends as they experience life as little kids."
"The comedic Teen Titans of Teen Titans Go. Take on their serious counterparts when villains from each of their worlds team up to pit the two Titan teams against each other."
"The complicated life of a first-generation Indian-American teenage girl, inspired by Mindy Kaling's own childhood."
"The Directorial debut of Kingsley Egei as he creates a dark, humble, and aggressive music video to the song Black Mirror By SXTWLVE."
"The eight close-knit siblings of the Bridgerton family look for love and happiness in London high society."
"The ethics training with Kim Wexler. Education videos mixing live-action segments of Kim, along with animated segments."
"The exciting story of three sisters with a close bond who grew up in poverty then become embroiled in a major incident and face off against the wealthiest family in the nation."
"The famous cat protects the city of San Lorenzo, a mythical land invisible to the outside world."
"The filmmakers and actors behind ""Money Heist"" characters like Tokyo and the Professor talk about the emotional artistic process of filming the series."
"The intoxicating charm of a flirtatious art school classmate pulls a reluctant love cynic into a friends-with-benefits relationship."
"The Midnight Club follows an octet of terminally-ill teenage patients at Brightcliffe Hospice as they gather at midnight to share scary stories."
"The movie is a story about a young lady (Amanda) whose family went on a vacation, leaving her and her older sister (Susan) at home. Amanda was supposed to go to summer camp and she waved her sister goodbye but unknown to her siste..."
"The only daughter of the Chinese emperor Han Xuandi, escapes from a strict prince and seeks help from the Gauls and the two brave warriors Asterix and Obelix."
"The professional and personal lives of the 1980s Los Angeles Lakers, one of sports' most revered and dominant dynasties - a team that defined an era, both on and off the court."
"The protagonist, Baki Hanma, trains with an intense focus to become strong enough to surpass his father, Yujiro Hanma, the strongest fighter in the world."
"The real life drama of a Brazilian nightclub fire that kills hundreds, whose families gather and engage in a public fight for justice."
"The relationship of a well-known journalist and a down-to-earth teacher goes through hard times when she takes a new job."
"The remarkable story of how, in 2009, competing in the most expensive and technologically advanced racing series on Earth, the impossible happened."
"The rise of the Guadalajara Cartel as an American DEA agent learns the danger of targeting narcos in Mexico."
"The sailor Alfred is in the middle of the Atlantic Ocean when World War II breaks out. Suddenly the sailors are in the front of the war, without any weapons."
"The Secret Magic Control Agency sends its two best agents, Hansel and Gretel, to fight against the witch of the Gingerbread House."
"The short musical film ""The Seven Deadly Sins"" was filmed for film festivals in Russia, Europe and other countries. The movie is highliting seven sins of mankind, unfortunate situations and diseases are caused by the sins. Salvation"
"The story of a cannibalistic serial killer named Jeffrey Dahmer, a.k.a. the Milwaukee Monster."
"The story of Australian teenager, Jessica Watson, the youngest person ever to sail solo, non-stop around the world."
"The story of Koko, a young boy raised by Pokémon, and the creation of a new bond between humans and Pokémon."
"The story of the album art design studio, Hipgnosis, who created some of the most iconic album covers of all time."
"The Terrance Family. A dramatic scene between two brothers, Dominic disconnected from Joseph after seeing his brother going down with alcoholic abuse and gambling with money. Dominic decided to let their father handle the situation."
"The thin line between love and hate turns deadly when a wife discovers her husband's affair - and they both take extreme measures to get what they want."
"The trials and tribulations of criminal lawyer Jimmy McGill in the years leading up to his fateful run-in with Walter White and Jesse Pinkman."
"The untold true story of the legendary detectives who brought down Bonnie and Clyde."
"The world's deadliest assassin and New York's biggest screw-up are mistaken for each other at an Airbnb rental."
"There is a place in this world, where anything you want to happen, does happen. Where people smiling. Where children are free. Where see the sun rise, is still touching. Where a friend is still a treasure. Where your life can be a..."
"This docuseries examining the chilling true stories of four Korean leaders claiming to be prophets exposes the dark side of unquestioning belief."
"This is the promo filmed for the third season."
"This movie is adapted from a video game of the same title. The story is set in the turbulent late Eastern Han Dynasty. Ambitious Dong Zhuo controls the court and the commonalty, and heroes from all over the country begin to rise."
"This shocking documentary chronicles a happy-go-lucky nomad's ascent to viral stardom and the steep downward spiral that resulted in his imprisonment."
"Three British teenage girls go on a rites-of-passage holiday - drinking, clubbing and hooking up, in what should be the best summer of their lives."
"Three close friends set off on a journey to Ayvalik and then to their reshaped future."
"Three middle-aged women who investigate paranormal events are put to the test when their leader Father Pilón disappears. Inspired by the real Hepta Group."
"Three rounding almost the 40 year old mark, will juggle life, work and relationships."
"Three South Carolina women, best friends since high school, shepherd one another through the complexities of romance, career and family."
"Three suburban mothers suddenly find themselves in desperate circumstances and decide to stop playing it safe and risk everything to take back their power."
"Three teenage girls transform into fierce feline superheroes to save the world from an evil Egyptian goddess and still have time for soccer practice."
"Through an exclusive matchmaking agency, women strive to marry a desirable bachelor and into the highest echelon of society."
"Tim thinks he's invited the woman of his dreams on a work retreat to Hawaii, realizing too late he mistakenly texted someone from a nightmare blind date."
"Tired of being locked in a reptile house where humans gawk at them like they're monsters, a group of Australia's deadliest creatures plot a daring escape from their zoo to the Outback."
"To build an innovative sex app and win a tech competition, a sexually inexperienced student and her friends must explore the daunting world of intimacy."
"To remain independent of her father, who's a stolen-goods trafficker, a newly widowed single mom joins her late husband's gang of smash-and-grab thieves."
"To save her job, a young lawyer must go undercover, enrolling as a freshman at her old alma mater, in order to resuscitate the well being of her Boss' terribly awkward teenage son"
"Top Boy was a seminal British TV show that ran for two short series in 2011 and 2013 then disappeared. Drake, a long time fan of the show, recently resurrected it with Netflix and with Drake acting as an Executive Producer."
"Troubled war veteran turned Police Sergeant David Budd is assigned to protect controversial Home Secretary Julia Montague."
"Tully and Kate support each other through good times and bad with an unbreakable bond that carries them from their teens to their forties."
"Two actors and a makeup artist fight to make their own way in a world that weighs the backgrounds they were born into more than their dreams."
"Two best friends try to make it through high school while dealing with embarrassing new urges and their very inconvenient feelings for each other."
"Two detectives are called to a small mining town in the Asturian mountains where a young woman who had been left for dead for months has suddenly appeared, leaving the detectives to question what dark forces are at work."
"Two inseparable friends move to Kyoto to chase their dreams of becoming maiko, but decide to pursue different passions while living under the same roof."
"Two long-distance best friends change each other's lives when she decides to pursue a lifelong dream and he volunteers to keep an eye on her teenage son."
"Two meddling grannies trick their adult grandkids into a meet-cute that reignites a childhood crush and old grudges."
"Two old friends, with shared experiences, likes and dislikes, meet again at a house party in an English garden town. From a situation in which nothing can happen, anything is possible again."
"Two people let a road rage incident burrow into their minds and slowly consume their every thought and action."
"Two young people meet. A fateful encounter - the proverbial love at first sight. He is Emperor Franz Joseph of Austria-Hungary, she is Elisabeth von Wittelsbach, Princess of Bavaria and the sister of the woman Franz is to marry."
"Tyler Rake, a fearless black market mercenary, embarks on the most deadly extraction of his career when he's enlisted to rescue the kidnapped son of an imprisoned international crime lord."
"Unlock the secrets of the Dragon Eye and come face to face with more dragons than anyone has ever imagined as Hiccup, Toothless and the Dragon Riders soar to the edge of adventure."
"Upon escaping after decades of imprisonment by a mortal wizard, Dream, the personification of dreams, sets about to reclaim his lost equipment."
"Valeria is a writer who's hit a dead end with both her writing and her husband. She finds solace in her three friends: Carmen, Lola, and Nerea."
"Veering off course from his preset path, a track star follows his own pace and heart for the first time after a film translator steps into his life"
"Vivo, Sony Pictures Animation's first-ever musical adventure featuring all-new original songs from Lin-Manuel Miranda, will take audiences on an epic adventure to gorgeous and vibrant locations never before seen in animation."
"We go behind the scenes of 'Fauda' ('Chaos') to find out why this Israeli TV thriller is such a hit in Arab countries. How real is it in showing the world of Israeli Special Forces and Palestinian militants? Can a drama help bring..."
"What happens when three kids from the other side of the track join a posh international Delhi school? CLASS follows the dramatic dynamics of this upmarket school and the tumultuous events that follow."
"What if everything we know about prehistory is wrong? Journalist Graham Hancock visits archaeological sites around the world investigating if a civilization far more advanced than we ever believed possible existed thousands of yea..."
"When a C.I.A. officer investigates a man and his followers who attract international attention through acts of public disruption, she embarks on a global high-stakes mission to uncover whether he is a divine entity or a con artist."
"When a guilt ridden killer is beaten down by his mind and pushed over the edge with only one solution to stop it."
"When a pill that gives its users unpredictable superpowers for five minutes hits the streets of New Orleans, a teenage dealer and a local cop must team with an ex-soldier to take down the group responsible for its creation."
"When a psychiatrist shelters a mysterious cult escapee, her world is turned upside down as the girl's arrival threatens to tear her own family apart."
"When a small plane crashes in the middle of the Canadian wilderness, a lone woman must battle the elements and odds to survive."
"When a stay-at-home dad who dedicates all his time to his children is persuaded to take time off for himself, he gets mixed up in the wild shenanigans of his childhood friend who's celebrating his 44th birthday."
"When a washed-up soap opera star meets a dancing beautician, zaniness ensues in Branson, Missouri."
"When a young boy vanishes, a small town uncovers a mystery involving secret experiments, terrifying supernatural forces and one strange little girl."
"When a young girl stows away on the ship of a legendary sea monster hunter, they launch an epic journey into uncharted waters - and make history to boot."
"When Alessandra and Emilio move to the city leaving their parents Carlo and Anna alone, life changes for everyone. In a few months the kids forget about their parents: a few phone calls, missed birthdays, missed funerals. But the ..."
"When alien invaders capture the Earth's superheroes, their kids must learn to work together to save their parents and the planet."
"When an army of powerful alien beings is unleashed on Earth threatening life as we know it, a brand-new team of Power Rangers, fueled by the prehistoric power of the dinosaurs, are recruited to deal with the threat."
"When an ex-cop returns to his home state of Florida to find a mobster's runaway girlfriend, what should've been a quick gig turns into a wild odyssey."
"When an outlaw discovers his enemy is being released from prison, he reunites his gang to seek revenge."
"When Enola Holmes (Sherlock's teen sister) discovers her mother is missing, she endeavours to find her, becoming a super-sleuth in her own right as she outwits her famous brother and unravels a dangerous conspiracy."
"When four women finally take the road trip they planned in high school, they have no idea of the things they'll bump into sometimes literally."
"When high school ends and adulthood begins, Benjamin and Joshua Israel, two Jewish identical twins , start feeling burdened and without a future. Joshua would like to have sex for the first time, while Benjamin chases the utopia o..."
"When Maudie, a ten-year-old puzzle prodigy, forms a detective agency with her classmates Ezra, Ava and Kyle, no crime is left unsolved."
"When Sahsu goes to Adana for a lecture, it's the perfect chance to face her estranged grandfather. But soon, she finds herself in the midst of a legend."
"When stuck in the afterlife, a girl is faced with the truth that God and the Devil both have ulterior motives."
"When the CIA's most skilled operative, whose true identity is known to none, accidentally uncovers dark agency secrets, a psychopathic former colleague puts a bounty on his head, setting off a global manhunt by international assas..."
"When the flood wave approaches the capital of Lower Silesia, a decision is made to save the city from the destructive elements, the surrounding villages and fields should be sacrificed."
"When the local mafia shows up to burn down her restaurant, Ana, a chef with a meticulous past, defends her turf and proves her knife skills both in and out of the kitchen."
"When the McKellan family moves from Seattle to Georgia to be closer to extended family, the transition is like being a catfish out of water."
"When the National Assembly suffers a catastrophic attack, Minister of Environment Park Mu Jin must find a way to lead Korea through the ensuing chaos."
"When three working-class teenagers begin attending an exclusive private school in Spain, the clash between them and the wealthy students leads to murder."
"When two Boston police officers are murdered, ex-cop Spenser teams up with his no-nonsense roommate Hawk to take down criminals."
"While fleeing from dangerous assailants, an assassin comes out of hiding to protect the daughter she left earlier in life."
"While navigating the troubled waters of romance, school and family, Archie and his gang become entangled in dark Riverdale mysteries."
"While visiting family in Mexico, teenage Alex gains an unlikely companion when he discovers a young chupacabra hiding in his grandpa's shed. To save the mythical creature, Alex and his cousins must embark on the adventure of a lif..."
"William falls in love with his soon-to-be daughter in law, Anna who's trying to keep both relationships but the truth always comes to light and someone is going to be hurt."
"With a little help from his brother and accomplice, Tim, Boss Baby tries to balance family life with his job at Baby Corp headquarters."
"Working as trauma cleaners, both Gu-ru and Sang-gu uncover various stories of the deceased while experiencing different emotions and sentiments toward life, death and family."
"Xinling Zheng was a care free rich girl until her mother was taken away from her by a car accident. Xinling was taken to treatment center for her depression. Strange things started to happen in the treatment center."
"Year 2003, Irene a young film student who is preparing a short film. To star in it, she meets Julio, with whom she quickly falls in love. But time and life take them down other paths, extending to the present."
"Young entrepreneurs aspiring to launch virtual dreams into reality compete for success and love in the cutthroat world of Korea's high-tech industry."
"Young, free and madly in love. As teenagers, the world was their oyster but as adults, their lives seem dimmer, like a very important piece is missing."
"Zeynep is unhappy. That's why she flees to a Croatian island, where her deceased mother bought a house long ago. She hopes to find peace and relaxation finally - but she hasn't reckoned with Josip, who still lives on the property."
